"полное наименование","Сокращённое наименование","Почтовый адрес учреждения","Геокоординаты учреждения: широта","Геокоординаты учреждения:долгота","адрес сайта учреждения в сети Интернет","адрес электронной почты учреждения","номер телефона учреждения","номер факса учреждения","реквизиты устава учреждения","цель учреждения","возраст воспитанников","направленность групп учреждения","режим функционирования групп учреждений","Должность руководителя учреждения","Ф.И.О. руководителя учреждения","Курирующий орган Городской Управы города Калуги"
"Муниципальное бюджетное дошкольное образовательное учреждение № 6 города Калуги","МБДОУ № 6 г. Калуги","248010, Калужская область, г.Калуга, ул. Чичерина, д.6,","54.533237","36.257981","http://ds6.kaluga.prosadiki.ru/","ds006@uo.kaluga.ru","+74842747368",,"Утверждён постановлением Городской Управы города Калуги от  03.03.2015 № 2698-пи","образовательная деятельность по образовательным программам дошкольного образования, присмотр и уход за детьми","от 2 лет до прекращения образовательных отношений","общеразвивающая, кратковременного пребывания","понедельник-пятница с 7.00 до 19.00.","заведующий","Карпушина Ирина Кимовна","Управление образования города Калуги"
"Муниципальное бюджетное дошкольное образовательное учреждение № 6 города Калуги","МБДОУ № 6 г. Калуги","248010, Калужская область, г.Калуга,  пер. Чичерина, д.13а","54.531006","36.256786","http://ds6.kaluga.prosadiki.ru/","ds006@uo.kaluga.ru","+74842277564, +74842278584",,"Утверждён постановлением Городской Управы города Калуги от 03.03.2015 № 2698-пи","образовательная деятельность по образовательным программам дошкольного образования, присмотр и уход за детьми","от 2 лет до прекращения образовательных отношений","общеразвивающая","понедельник-пятница с 7.00 до 19.00.","заведующий","Карпушина Ирина Кимовна","Управление образования города Калуги"
"Муниципальное бюджетное дошкольное образовательное учреждение  № 7 города Калуги","МБДОУ № 7 г. Калуги","248016,Калужская область, г.Калуга, ул. Ленина, д.45","54.522991","36.271887","http://mbdoy-7.ru/","ds007@uo.kaluga.ru","+74842224298",+74842224298,"Утверждён постановлением Городской Управы города Калуги от 13.07.2015 №8814-пи","образовательная деятельность по образовательным программам дошкольного образования, присмотр и уход за детьми","от 2 лет до прекращения образовательных отношений","общеразвивающая","понедельник-пятница с 7.00 до 19.00.","заведующий","Куренкова Людмила Алексеевна","Управление образования города Калуги"
"Муниципальное бюджетное дошкольное образовательное учреждение № 10 ВЕТЕРОК города Калуги","МБДОУ № 10 ВЕТЕРОК г. Калуги","248031, Калужская область г.Калуга д.Лихун, ул.Губернская д 25","54.629518","36.274223","http://sad-veterok.ru/","ds010@uo.kaluga.ru","+74842226558; +74842226559",,"Утверждён постановлением Городской Управы города Калуги от 26.10.2015 №13849-пи","образовательная деятельность по образовательным программам дошкольного образования, присмотр и уход за детьми","от 2 лет до прекращения образовательных отношений","общеразвивающая,  компенсирующая","понедельник-пятница с 7.00 до 19.00.","заведующий","Карпова Елена Анатольевна","Управление образования города Калуги"
"Необособленное структурное подразделение МАЛЫШ","МБДОУ № 10 «Ветерок»  г. Калуги СНП МАЛЫШ","248920, Калужская обл., г.Калуга, ст. Тихонова Пустынь, ул. Советская, д.3","54.51523","36.331347","http://sad-veterok.ru/","ds014@uo.kaluga.ru","+74842784025",,"Утверждён постановлением Городской Управы города Калуги от 26.10.2015 №13849-пи","образовательная деятельность по образовательным программам дошкольного образования, присмотр и уход за детьми","от 2 лет до прекращения образовательных отношений","общеразвивающая","понедельник-пятница с 7.00 до 19.00.","заведующий","Карпова Елена Анатольевна","Управление образования города Калуги"
"Необособленное структурное подразделение ОДУВАНЧИК","МБДОУ № 10 «Ветерок»  г. Калуги СНП ОДУВАНЧИК","248920, Калужская область, г.Калуга, с. Мирное, д.25","54.507014","36.252277","http://sad-veterok.ru/","ds014@uo.kaluga.ru","+74842784144",,"Утверждён постановлением Городской Управы города Калуги от 26.10.2015 №13849-пи","образовательная деятельность по образовательным программам дошкольного образования, присмотр и уход за детьми","от 2 лет до прекращения образовательных отношений","общеразвивающая","понедельник-пятница с 7.00 до 19.00.","заведующий","Карпова Елена Анатольевна","Управление образования города Калуги"
"Необособленное структурное подразделение ЁЛОЧКА","МБДОУ № 10 «Ветерок»  г. Калуги СНП ЁЛОЧКА","248918,Калужская область,  г.Калуга, с.Муратовский щебзавод, д.28","54.606528","36.200875","http://sad-veterok.ru/","ds061@uo.kaluga.ru","+74842226970",,"Утверждён постановлением Городской Управы города Калуги от 26.10.2015 №13849-пи","образовательная деятельность по образовательным программам дошкольного образования, присмотр и уход за детьми","от 2 лет до прекращения образовательных отношений","общеразвивающая","понедельник-пятница с 7.00 до 19.00.","заведующий","Карпова Елена Анатольевна","Управление образования города Калуги"
"Муниципальное бюджетное дошкольное образовательное учреждение № 12 РОМАШКА города Калуги","МБДОУ № 12 РОМАШКАг. Калуги","248915, Калужская область, г.Калуга, д.Мстихино, ул. Радужная, д.5","54.564213","36.133261","http://romashka-mstihino.ru","ds012@uo.kaluga.ru","+74842760875",+74842760875,"Утверждён постановлением Городской Управы города Калуги от 05.02.2015 №1118-пи","образовательная деятельность по образовательным программам дошкольного образования, присмотр и уход за детьми","от 2 лет до прекращения образовательных отношений","общеразвивающая","понедельник-пятница с 7.00 до 19.00.","заведующий","Даценко Наталья Николаевна","Управление образования города Калуги"
"Муниципальное бюджетное  дошкольное образовательное учреждение № 15 РАКЕТА города Калуги","МБДОУ № 15 РАКЕТА г.Калуги","248001, Калужская область, г.Калуга, ул.Воронина, д.30","54.517877","36.258730","http://ds15raketa.ru /","ds015@uo.kaluga.ru","+74842574059",,"Утвержден постановлением Городской Управы города Калуги от 03.03.2015  № 2699 -пи","образовательная деятельность по образовательным программам дошкольного образования, присмотр и уход за детьми","от 2 лет до прекращения образовательных отношений","общеразвивающая","понедельник-пятница с 06.45-18.45.","заведующий","Киселева Оксана Владимировна","Управление образования города Калуги"
"Муниципальное бюджетное дошкольное образовательное учреждение № 16 КОЛОБОК города Калуги","МБДОУ № 16 КОЛОБОК г.Калуги","248000, Калужская область, г.Калуга, ул. Первомайская, д.39а","54.503861","36.265356","http://sad16.umi.ru","ds016@uo.kaluga.ru","+74842796724",74842509957,"Утвержден постановлением Городской Управы города Калуги от 18.05.2015  № 5911-пи.","образовательная деятельность по образовательным программам дошкольного образования, присмотр и уход за детьми","от 1 года 6 месяцев до прекращения образовательных отношений","общеразвивающая, компенсирующая","понедельник-пятница, полного дня с 7.00 до 19.00, кратковременного пребывания (от 3 до 5 часов в день).","заведующий","Меркулова Светлана Алексеевна","Управление образования города Калуги"
"Муниципальное бюджетное общеобразовательное учреждение № 17 Начальная школа - детский сад города Калуги","МБОУ № 17 Начальная школа - детский сад г. Калуги","248022, Калужская область, г.Калуга, ул.Привокзальная, д.10а","54.537930","36.129732","http://shcola-sad17.umi.ru","ds017@uo.kaluga.ru","+74842785496",+74842785205,"Утверждён постановлением Городской Управы города Калуги от 21.04.2015  № 4739-пи","образовательная деятельность по образовательным программам дошкольного образования, присмотр и уход за детьми","от 2 лет до прекращения образовательных отношений","общеразвивающая","понедельник-пятница с 7.00 до 19.00.","заведующий","Евсеева Светлана Геннадьевна","Управление образования города Калуги"
"Муниципальное бюджетное дошкольное образовательное учреждение № 18 ЯГОДКА города Калуги","МБДОУ № 18 ЯГОДКА г.Калуги","248000, Калужская область, г.Калуга, ул. Строительная, д.1д","54.5429900","36.0026200","http://mdou18-kaluga.ru/","ds018@uo.kaluga.ru","+74842478470",,"Утвержден постановлением Городской Управы города Калуги от 17.12.2014  №17198-пи","образовательная деятельность по образовательным программам дошкольного образования, присмотр и уход за детьми","от 2 лет до прекращения образовательных отношений","общеразвивающая","понедельник-пятница с 6.30 до 18.30","заведующий","Добрынина Марина Зайнулабдиновна","Управление образования города Калуги"
"Муниципальное бюджетное дошкольное образовательное учреждение № 21 ЗОЛОТЫЕ ЗЁРНЫШКИ города Калуги","МБДОУ № 21 ЗОЛОТЫЕ ЗЁРНЫШКИ г.Калуги","248021, Калужская обл., г.Калуга, ул.Глаголева, д.30","54.537997","36.275368","http://ds21klg.ru/","ds021@uo.kaluga.ru","+74842550612",+74842550612,"Утвержден постановлением Городской Управы г. Калуги  от 30.06.2015 № 8238-пи","образовательная деятельность по образовательным программам дошкольного образования, присмотр и уход за детьми","от 1 года и 6 месяцев до прекращения образовательных отношений","общеразвивающая,  компенсирующая,  комбированная","понедельник-пятница с 7.00 до 19.00, круглосуточная разновозрастная группа компенсирующей направленности","заведующий","Желтикова Наталия Владимировна","Управление образования города Калуги"
"Муниципальное бюджетное дошкольное образовательное учреждение № 21 ЗОЛОТЫЕ ЗЁРНЫШКИ города Калуги  необособленное структурное подразделение СОЛОВУШКА","МБДОУ № 21 ЗОЛОТЫЕ ЗЁРНЫШКИ г.Калуги НСП СОЛОВУШКА","248017, Калужская обл., г.Калуга, пер.Строительный, д13а","54.554348","36.270651","http://ds21klg.ru/","ds021@uo.kaluga.ru","+74842550190",,"Утвержден постановлением Городской Управы г. Калуги  от 30.06.2015 № 8238-пи","образовательная деятельность по образовательным программам дошкольного образования, присмотр и уход за детьми","от 1 года и 6 месяцев до прекращения образовательных отношений","общеразвивающая","понедельник-пятница с 7.00 до 19.00","заведующий","Желтикова Наталия Владимировна","Управление образования города Калуги"
"Муниципальное бюджетное дошкольное образовательное учреждение № 21 ЗОЛОТЫЕ ЗЁРНЫШКИ города Калуги  необособленное структурное подразделение КРОХА","МБДОУ № 21 ЗОЛОТЫЕ ЗЁРНЫШКИ г.Калуги НСП КРОХА","248017, Калужская обл., г.Калуга, ул. Московская, д.232","54.533815","36.269254","http://ds21klg.ru/","ds021@uo.kaluga.ru","+74842551734",,"Утвержден постановлением Городской Управы г. Калуги  от 30.06.2015 № 8238-пи","образовательная деятельность по образовательным программам дошкольного образования, присмотр и уход за детьми","от 1 года и 6 месяцев до прекращения образовательных отношений","общеразвивающая","понедельник-пятница с 7.00 до 19.00","заведующий","Желтикова Наталия Владимировна","Управление образования города Калуги"
"Муниципальное бюджетное дошкольное образовательное учреждение № 21 ЗОЛОТЫЕ ЗЁРНЫШКИ города Калуги  необособленное структурное подразделение РАДУГА","МБДОУ № 21ЗОЛОТЫЕ ЗЁРНЫШКИ г.Калуги НСП РАДУГА","248017, Калужская обл., г.Калуга, ул. Новая Стройка, д.1","54.533196","36.267703","http://ds21klg.ru/","ds021@uo.kaluga.ru","+74842550262",,"Утвержден постановлением Городской Управы г. Калуги  от 30.06.2015 № 8238-пи","образовательная деятельность по образовательным программам дошкольного образования, присмотр и уход за детьми","от 1 года и 6 месяцев до прекращения образовательных отношений","общеразвивающая","понедельник-пятница с 7.00 до 19.00","заведующий","Желтикова Наталия Владимировна","Управление образования города Калуги"
"Муниципальное бюджетное дошкольное образовательное учреждение № 26 ГВОЗДИКА города Калуги","МБДОУ № 26 ГВОЗДИКА г.Калуги","248032, Калужская область, г.Калуга, ул. Первых Коммунаров, д.19А","54.30315","36.31599","http://ds026.umi.ru/","ds026@uo.kaluga.ru","+74842768040",,"Утвержден постановлением Городской Управы города Калуги от 27.01.2015  № 618-пи","образовательная деятельность по образовательным программам дошкольного образования, присмотр и уход за детьми","от 2 лет до прекращения образовательных отношений","общеразвивающая","понедельник-пятница с 7.00 до 19.00.","заведующий","Сухова Наталья Александровна","Управление образования города Калуги"
"Муниципальное бюджетное дошкольное образовательное учреждение № 29 ЗВЁЗДОЧКА города Калуги","МБДОУ № 29 г. Калуги","248003, Калужская область, г.Калуга, ул. Никитина, д.133б","54.512492","36.300615","http://ds029.umi.ru/o_shkole/3","ds029@uo.kaluga.ru","+74842220105",+74842220105,"Утвержден постановлением Городской Управы города Калуги от 21.01.2015 № 362-пи","образовательная деятельность по образовательным программам дошкольного образования, присмотр и уход за детьми","от 2 лет до прекращения образовательных отношений","общеразвивающая","понедельник-пятница с 7.00 до 19.00.","заведующий","Пафнучева Татьяна Александровна","Управление образования города Калуги"
"Муниципальное бюджетное дошкольное образовательное учреждение № 30 города Калуги","МБДОУ № 30 г. Калуги","248003 Калужская область, г.Калуга, ул. Никитина, д.93а  (корпус №1)","54.509198","36.289403","https://ds30-klg.kinderedu.ru/","ds030@uo.kaluga.ru","+74842733418",,"Утверждён постановлением Городской управы города Калуги от 21.01.2015 №365-пи","образовательная деятельность по образовательным программам дошкольного образования, присмотр и уход за детьми","от 2 лет до прекращения образовательных отношений","общеразвивающая","понедельник-пятница с 7.00 до 19.00.","заведующий","Семенова Елена Викторовна","Управление образования города Калуги"
"Муниципальное бюджетное дошкольное образовательное учреждение № 30 города Калуги","МБДОУ № 30 г. Калуги","248003 Калужская область, г.Калуга, ул. Мичурина, д.38а (корпус № 2)","54.508718","36.283587","https://ds30-klg.kinderedu.ru/","ds030@uo.kaluga.ru","+74842926489 ; +74842926490",,"Утверждён постановлением Городской управы города Калугиот от 21.01.2015  №365-пи","образовательная деятельность по образовательным программам дошкольного образования, присмотр и уход за детьми","от 2 лет до прекращения образовательных отношений","общеразвивающая","понедельник-пятница с 7.00 до 19.00.","заведующий","Семенова Елена Викторовна","Управление образования города Калуги"
"муниципальное бюджетное дошкольное образовательное учреждение № 34 ЗОРЕНЬКА города Калуги","МБДОУ № 34 ЗОРЕНЬКА г.Калуги","248010, Калужская область, г.Калуга, ул.Социалистическая, д.2Б","54.5349","36.253098.","http://www.sadzorenka-kaluga.ru/","ds034@uo.kaluga.ru","+74842796827",+74842796826,"Утверждено постановлением Городской Управы города Калуги от 26.03.2015 № 3727-пи","образовательная деятельность по образовательным программам дошкольного образования, присмотр и уход за детьми","от 2 лет до прекращения образовательных отношений","общеразвивающая","понедельник-пятница, группы полного дня (12-часового пребывания) с 6.30 до 18.30, группа продленного пребывания (14-часового пребывания) с 6.30 до 20.30","заведующий","Хорева Ирина Александровна","Управление образования города Калуги"
"Муниципальное бюджетное дошкольное образовательное учреждение № 36 АЛЕНЬКИЙ ЦВЕТОЧЕК города Калуги","МБДОУ № 36 АЛЕНЬКИЙ ЦВЕТОЧЕК г. Калуги","248009, Калужская область, г.Калуга, ул. Платова, д.3","54.532679","36.297418","http://ds36kaluga.kinderedu.ru","ds036@uo.kaluga.ru","+74842538166",+74842538164,"Утвержден постановлением Городской Управы города Калуги от 22.04.2015 № 4893-пи","образовательная деятельность по образовательным программам дошкольного образования, присмотр и уход за детьми","от 1 года и 6 месяцев до прекращения образовательных отношений","общеразвивающая","понедельник-пятница с 7.00 до 19.00.","заведующий","Кубова Татьяна Валерьевна","Управление образования города Калуги"
"муниципальное бюджетное дошкольное образовательное учреждение № 37 ВЕСЁЛЫЕ НОТКИ города Калуги","МБДОУ № 37 ВЕСЁЛЫЕ НОТКИ г.Калуги","248018, Калужская обл., г.Калуга, ул. Чехова, д.9","54.516741","36.291866","http://37-1962-1204.umi.ru","ds037@uo.kaluga.ru","+74842734408",,"Утвержден постановлением Городской Управы города Калуги от 21.01.2015 №361-пи","образовательная деятельность по образовательным программам дошкольного образования, присмотр и уход за детьми","от 1 года и 6 месяцев до прекращения образовательных отношений","общеразвивающая","понедельник-пятница с 6.30 до 18.30.","заведующий","Краснова Наталья Валерьевна","Управление образования города Калуги"
"муниципальное бюджетное дошкольное образовательное учреждение № 41 ИВУШКА города Калуги","МБДОУ № 41 ИВУШКА г.Калуги","248021, Калужская область, г.Калуга, ул.Московская, д.186","54.528404","36.267431","http://ivushka.kaluga.prosadiki.ru/","ds041@uo.kaluga.ru","+74842553186",+74842589662,"Утверждён постановление Городской Управы города Калуги от 30.01.2015 №921-пи","образовательная деятельность по образовательным программам дошкольного образования, присмотр и уход за детьми","от 2 лет до прекращения образовательных отношений","общеразвивающая, комбинированная","понедельник-пятница с 7.00 до 19.00.","заведующий","Киселева Татьяна Анатольевна","Управление образования города Калуги"
"муниципальное бюджетное дошкольное образовательное учреждение № 44 АНЮТИНЫ ГЛАЗКИ города Калуги","МБДОУ № 44 АНЮТИНЫ ГЛАЗКИ г. Калуги","248002, Калужская областьг.Калуга, ул. Степана Разина, д.36 а","54.507468","36.274025","http://sadik44.ru","ds044@uo.kaluga.ru","+74842731542",+74842731435,"Утвержден постановлением Городской Управы города Калуги от 27.01.2015  № 606-пи","образовательная деятельность по образовательным программам дошкольного образования, присмотр и уход за детьми","от 2 лет до прекращения образовательных отношений","общеразвивающая, комбинированная","понедельник-пятница с 7.00 до 19.00.","заведующий","Смирнова Светлана Александровна","Управление образования города Калуги"
"муниципальное бюджетное дошкольное образовательное учреждение № 45 ОГОНЁК города Калуги","МБДОУ № 45 г. Калуги","248009, Калужская область, г.Калуга, ул.Молодежная, д.8","54.529608","36.298325","http://ds45klg.ru","ds045@uo.kaluga.ru","+74842551103",,"Утвержден постановлением Городской Управы города Калуги от 05.02.2015  № 1117-пи","образовательная деятельность по образовательным программам дошкольного образования, присмотр и уход за детьми","от 2 лет до прекращения образовательных отношений","общеразвивающая, компенсирующая","понедельник-пятница с 6.30 до 18.30.","заведующий","Стемплевская Людмила Владимировна","Управление образования города Калуги"
"Муниципальное бюджетное дошкольное образовательное учреждение № 49 БЕЛОЧКА города Калуги","МБДОУ № 49 БЕЛОЧКА  г. Калуги","248021, Калужская область г.Калуга, ул. Московская, 170","54.527458","36.266677","http://belochka-49.ru/","ds049@uo.kaluga.ru","+74842550369; +74842554930",,"Утвержден постановлением Городской Управы города Калуги от 06.02.2015 №1309-пи","образовательная деятельность по образовательным программам дошкольного образования, присмотр и уход за детьми","от 2 лет до прекращения образовательных отношений","общеразвивающая","понедельник-пятница с 7.00 до 19.00.","заведующий","Казакова Галина Викторовна","Управление образования города Калуги"
"Муниципальное бюджетное дошкольное образовательное учреждение № 50 АЛЁНУШКА города Калуги","МБДОУ № 50 АЛЁНУШКА г. Калуги","248023, Калужская область, г.Калуга, ул.Тульская, д.68","54.510746","54.510746","http://ksad50.wixsite.com/sad50","ds050@uo.kaluga.ru","+74842546375",+74842546376,"Утвержден остановлением Городской Управы города Калуги от 31.03.2016  № 3934-пи","образовательная деятельность по образовательным программам дошкольного образования, присмотр и уход за детьми","от 2 лет до прекращения образовательных отношений","общеразвивающая, компенсирующая","понедельник-пятница с 7.00 до 19.00.","заведующий","Горбачева Анна Владимировна","Управление образования города Калуги"
"муниципальное бюджетное дошкольное образовательное учреждение № 51 ТОПОЛЁКгорода Калуги","МБДОУ № 51 ТОПОЛЁК г. Калуги","248002, Калужская область,  г.Калуга, ул. Степана Разина, д.57","54.50574761","36.27782106","http://kaluga-ds51.ru","ds051@uo.kaluga.ru","+74842730694; + 74842540003",,"Утвержден постановлением Городской Управы города Калуги от 26.03.2015  №3729-пи","образовательная деятельность по образовательным программам дошкольного образования, присмотр и уход за детьми","от 2 лет до прекращения образовательных отношений","общеразвивающая, компенсирующая","понедельник-пятница с 7.00 до 19.00.","заведующий","Аксенова Оксана Александровна","Управление образования города Калуги"
"Муниципальное бюджетное дошкольное образовательное учреждение № 53 ИСКОРКА города Калуги","МБДОУ №53 ИСКОРКА г. Калуги","248000, Калужская область, г.Калуга, ул. Циолковского, д.3","54.516749","36.238531","http://mdou01-kaluga.ru/","ds053@uo.kaluga.ru","+74842741103",,"Утвержден постановлением Городской Управы города Калуги от 05.02.2015  №1120-пи","образовательная деятельность по образовательным программам дошкольного образования, присмотр и уход за детьми","от 2 лет до прекращения образовательных отношений","общеразвивающая, компенсирующая","понедельник-пятница с 7.00 до 19.00.","заведующий","Олейник Елена Юрьевна","Управление образования города Калуги"
"Муниципальное бюджетное дошкольное образовательное учреждение № 53 ИСКОРКА города Калуги Необособленное структурное подразделение КАРАМЕЛЬКА","МБДОУ №53 ИСКОРКА г. Калуги НСП КАРАМЕЛЬКА","248600, Калужская область,  г.Калуга, ул. Академика Королёва, д.6","54.514739","36.235191","http://mdou01-kaluga.ru/","ds001@uo.kaluga.ru","+74842549342",,"Утвержден постановлением Городской Управы города Калуги от 05.02.2015  №1120-пи","образовательная деятельность по образовательным программам дошкольного образования, присмотр и уход за детьми","от 3 до прекращения образовательных отношений","общеразвивающая, кратковременного пребывания","понедельник-пятница, группа полного дня 7.00.- 19.00, группа кратковременного пребывания 8.00-13.00","заведующий","Олейник Елена Юрьевна","Управление образования города Калуги"
"Муниципальное бюджетное дошкольное образовательное учреждение № 54 города Калуги","МБДОУ № 54 г. Калуги","248021, Калужская область, город Калуга, ул. Билибина, д.34","54.5293000","36.2754200","http://mbdou54.umi.ru","ds054@uo.kaluga.ru","+74842552445",,"Утвержден постановлением Городской Управы города Калуги от 21.01.2015  № 363-пи","образовательная деятельность по образовательным программам дошкольного образования, присмотр и уход за детьми","от 2 лет до прекращения образовательных отношений","общеразвивающая, компенсирующая","понедельник-пятница с 7.00 до 19.00.","заведующий","Бархатова Елена Александровна","Управление образования города Калуги"
"Муниципальное бюджетное дошкольное образовательное учреждение № 55 ПЧЁЛКА города Калуги","МБДОУ № 55 ПЧЁЛКА г.Калуги","248016, Калужская область, г.Калуга, ул.В.Андриановой, д.86","54.5247","36.2765","http://pchelka.kaluga.prosadiki.ru","ds055@uo.kaluga.ru","+74842557219",+74842557219,"Утверждён постановлением Городской Управы города Калуги от 18.05.2015 № 5912-пи","образовательная деятельность по образовательным программам дошкольного образования, присмотр и уход за детьми","от 2 лет до прекращения образовательных отношений","общеразвивающая","понедельник-пятница с 7.00 до 19.00.","заведующий","Бурлакова Татьяна Юрьевна","Управление образования города Калуги"
"Муниципальное бюджетное дошкольное образовательное учреждение № 57 РЯБИНКА города Калуги","МБДОУ № 57 РЯБИНКА г. Калуги","248029, Калужская область г.Калуга, ул. Гурьянова ,д.35 А","54.566522","36.23405","http://mbdou57ryabinkakaluga.umi.ru/","ds057@uo.kaluga.ru","+74842 539680",+74842539603,"Утверждён постановление Городской Управы города Калуги от 26.01.2015 № 532-пи","образовательная деятельность по образовательным программам дошкольного образования, присмотр и уход за детьми","от 2 лет до прекращения образовательных отношений","общеразвивающая","понедельник-пятница с 7.00 до 19.00.","заведующий","Тихомирова Светлана Ивановна","Управление образования города Калуги"
"муниципальное бюджетное дошкольное образовательное учреждение № 60 КОЛОСОК города Калуги","МБДОУ № 60 КОЛОСОК г.Калуги","248016, Калужская область, г.Калуга, ул.Баррикад, д.153.","54.518941","36.27363","http://www.kolosok60.ru/","ds060@uo.kaluga.ru","+74842550878; +74842551128",+74842550878,"Утверждёнпостановлением  Городской Управы города Калуги от 25.02.2015 №  2194-пи","образовательная деятельность по образовательным программам дошкольного образования, присмотр и уход за детьми","от 1 года и 6 месяцев до прекращения образовательных отношений","общеразвивающая","понедельник-пятница с 7.00 до 19.00.","заведующий","Наумова Светлана Владимировна","Управление образования города Калуги"
"муниципальное бюджетное дошкольное образовательное учреждение № 63 МАЛИНКА города Калуги","МБДОУ № 63 МАЛИНКА г. Калуги","248025, Калужская область, г.Калуга, ул. Радищева, д.2","54.548476","36.294626","http://ds063malinka.ru","ds063@uo.kaluga.ru","+74842515864",,"Утвержден постановлением Городской Управы города Калуги от 17.04.2015 №4643-пи","образовательная деятельность по образовательным программам дошкольного образования, присмотр и уход за детьми","от 1 года и 6 месяцев до прекращения образовательных отношений","общеразвивающая","понедельник-пятница полного дня (12-часового пребывания) с 6.30 до 18.30, продленного дня (14-часового пребывания) с 18.30 до 20.30.","заведующий","Пахомова Валентина Васильевна","Управление образования города Калуги"
"Муниципальное бюджетное дошкольное образовательное учреждение № 64 ЗОЛОТАЯ РЫБКА города Калуги","МБДОУ № 64 ЗОЛОТАЯ РЫБКА г.Калуги","248021, Калужская область, г.Калуга, ул.Билибина, д.50а","54.5293","36.1619","http://ds64klg.ru/","ds064@uo.kaluga.ru","+74842550687;+74842551634",,"Утвержден постановлением Городской Управы города Калуги от 28.04.2015 № 5134-пи","образовательная деятельность по образовательным программам дошкольного образования, присмотр и уход за детьми","от 2 лет до прекращения образовательных отношений","общеразвивающая","понедельник-пятница с 7.00 до 19.00.","заведующий","Лезенко Людмила Анатольевна","Управление образования города Калуги"
"муниципальное бюджетное дошкольное образовательное учреждение № 66  ЯБЛОНЬКА города Калуги","МБДОУ № 66 г.Калуги","248016, Калужская обл. г.Калуга, ул.В.Андриановой, д.66","54.526319","36.274914","http://yablonka.kaluga.prosadiki.ru/","ds066@uo.kaluga.ru","+74842555114",+74842589662,"Утвержден постановлением Городской Управы города Калуги от 19.06.2015 № 7561-пи","образовательная деятельность по образовательным программам дошкольного образования, присмотр и уход за детьми","от 1 года и 6 месяцев до прекращения образовательных отношений","общеразвивающая","понедельник-пятница с 7.00 до 19.00.","заведующий","Гайгерова Татьяна Павловна","Управление образования города Калуги"
"Муниципальное бюджетное дошкольное образовательное учреждение № 67 ПОЛЯНОЧКА города Калуги","МБДОУ № 67 ПОЛЯНОЧКА г.Калуги","248921, Калужская область, г.Калуга, д.Шопино, ул.Центральная, д.14","54.49457","36.15445","http://ds67polyanochka.umu.ru/","ds067@uo.kaluga.ru","+74842509050",+74842509050,"Утверждён постановлением Городской Управы города Калуги от 24.03.2015 № 3490-пи","образовательная деятельность по образовательным программам дошкольного образования, присмотр и уход за детьми","от 2 лет до прекращения образовательных отношений","общеразвивающая, компенсирующая","понедельник-пятница с 7.00 до 19.00.","заведующий","Короткова Раиса Николаевна","Управление образования города Калуги"
"Муниципальное бюджетное дошкольное образовательное учреждение № 67 ПОЛЯНОЧКА города Калуги струтурное необособленное подразделение ЖУРАВЛЁНОК","МБДОУ № 67 ПОЛЯНОЧКА г.Калуги СНП ЖУРАВЛЁНОК","248911, Калужская область, г.Калуга, д.Колюпаново","54.434339","36.231373","http://ds67polyanochka.umu.ru/","ds062@uo.kaluga.ru","+74842509306",,"Утверждён постановлением Городской Управы города Калуги от 24.03.2015 № 3490-пи","образовательная деятельность по образовательным программам дошкольного образования, присмотр и уход за детьми","от 2 лет до прекращения образовательных отношений","общеразвивающая, компенсирующая","понедельник-пятница с 7.00 до 19.00.","заведующий","Короткова Раиса Николаевна","Управление образования города Калуги"
"Муниципальное бюджетное дошкольное образовательное учреждение № 67 ПОЛЯНОЧКА города Калуги струтурное необособленное подразделение СОЛНЫШКО","МБДОУ № 67 ПОЛЯНОЧКА г.Калуги СНП СОЛНЫШКО","248033, Калужская область, г.Калуга, ул.Ромодановские дворики, д.61","54.487897","36.244354","http://ds67polyanochka.umu.ru/","ds067@uo.kaluga.ru",,,"Утверждён постановлением Городской Управы города Калуги от 24.03.2015 № 3490-пи","образовательная деятельность по образовательным программам дошкольного образования, присмотр и уход за детьми","от 2 лет до прекращения образовательных отношений","общеразвивающая, компенсирующая","понедельник-пятница с 7.00 до 19.00.","заведующий","Короткова Раиса Николаевна","Управление образования города Калуги"
"муниципальное бюджетноедошкольное образовательноеучреждение № 70 КРАСНАЯ ШАПОЧКА города Калуги","МБДОУ № 70 КРАСНАЯ ШАПОЧКА г. Калуги","248018, Калужская область, Калуга, ул. М. Жукова, д.16.","54.513488","36.280518","http://ds70kaluga.umi.ru/","ds070@uo.kaluga.ru","+74842734257",+74842734257,"Утвержден постановлением Городской Управы города Калуги от 24.03.2015 № 3491-пи","образовательная деятельность по образовательным программам дошкольного образования, присмотр и уход за детьми","от 2 лет до прекращения образовательных отношений","общеразвивающая, компенсирующая","понедельник-пятница с 7.00 до 19.00.","заведующий","Морозова Виктория Евгеньевна","Управление образования города Калуги"
"муниципальное бюджетное дошкольное образовательное учреждение № 72 КАЛИНКА города Калуги","МБДОУ № 72 г.Калуги","248025, Калужская область, г.Калуга, ул.Радищева д.4","54.5474","36.294365","https://dso72.nubex.ru/","ds072@uo.kaluga.ru","+74842515826; +74842515848",,"Утвержден постановлением Городской Управы города Калуги от 21.01.2015 № 364-пи","образовательная деятельность по образовательным программам дошкольного образования, присмотр и уход за детьми","от 2 лет до прекращения образовательных отношений","общеразвивающая, компенсирующая","понедельник-пятница с 6.30 до 18.30","заведующий","Савкина Ольга Александровна","Управление образования города Калуги"
"Муниципальное бюджетное дошкольное образовательное учреждение № 74 РАДОСТЬ города Калуги","МБДОУ № 74 г. Калуги","248031,Калужская область, г.Калуга, д.Канищево, ул. Новая, д.3а","54.595596","36.282604","http://ds074.ucoz.net/","ds074@uo.kaluga.ru","+74842512486",,"Утвержден постановлением Городской Управы города Калуги от 02.04.2015 № 4019-пи","образовательная деятельность по образовательным программам дошкольного образования, присмотр и уход за детьми","от 2 лет до прекращения образовательных отношений","общеразвивающая","понедельник-пятница с 7.00 до 19.00.","заведующий","Савостина Ольга Валентиновна","Управление образования города Калуги"
"Муниципальное бюджетное дошкольное образовательное учреждение № 75 СИНЯЯ ПТИЦА города Калуги","МБДОУ № 75 СИНЯЯ ПТИЦА г. Калуги","248002 , Калужская область, г.Калуга, ул. Н.-Козинская,  д.71","54.3012","36.163","https://region67.region-systems.ru","ds075@uo.kaluga.ru","+74842533578",+74842533578,"Утвержден постановлением Городской Управы города Калуги от 13.02.2015 № 1769-пи","образовательная деятельность по образовательным программам дошкольного образования, присмотр и уход за детьми","от 2 лет до прекращения образовательных отношений","общеразвивающая","понедельник-пятница с 7.00 до 19.00.","заведующий","Змачинская Екатерина Валериевна","Управление образования города Калуги"
"Муниципальное бюджетное дошкольное образовательное учреждение № 77 РОДНИЧОК города Калуги","МБДОУ№77 РОДНИЧОК города Калуги","248030, Калужская область, г.Калуга, ул.Рылеева, д.5","54.519704","36.254478","http://rodnichok.kaluga.ru/","ds077@uo.kaluga.ru","+74842743402",+74842740056,"Утвержден постановлением Городской Управы города Калуги от 01.12.2015 №15539-пи","образовательная деятельность по образовательным программам дошкольного образования, присмотр и уход за детьми","от 2 лет до прекращения образовательных отношений","компенсирующая","понедельник-пятница группы полного дня(12 часов) с 7.00 до 19.00, группы кратковременного пребывания (5 часов) с 8.00 до 13.00","заведующий","Матвеева Галина Николаевна","Управление образования города Калуги"
"Муниципальное бюджетное дошкольное образовательное учреждение № 77 РОДНИЧОК города Калуги структурное необособленное подразделение  КОЛОКОЛЬЧИК","МБДОУ РОДНИЧОК г. Калуги НСП КОЛОКОЛЬЧИК","248000, Калужская область, г.Калуга, ул. Чебышева, д.6а","54.510709","36.253346","http://rodnichok.kaluga.ru/","ds002@uo.kaluga.ru","+74842574963",,"Утвержден постановлением Городской Управы города Калуги от 01.12.2015 №15539-пи","образовательная деятельность по образовательным программам дошкольного образования, присмотр и уход за детьми","от 2 лет до прекращения образовательных отношений","комбинированная","понедельник-пятница с 7.00 до 19.00","заведующий","Матвеева Галина Николаевна","Управление образования города Калуги"
"Муниципальное бюджетное дошкольное образовательное учреждение № 77 РОДНИЧОК города Калуги структурное необособленное подразделение  АИСТЁНОК","МБДОУ РОДНИЧОК г. Калуги НСП АИСТЁНОК","248001, Калужская область, г.Калуга, ул. Ленина, д.69а","54.514723","36.26612","http://rodnichok.kaluga.ru/","ds005@uo.kaluga.ru","+74842562320",,"Утвержден постановлением Городской Управы города Калуги от 01.12.2015 №15539-пи","образовательная деятельность по образовательным программам дошкольного образования, присмотр и уход за детьми","от 2 лет до прекращения образовательных отношений","компенсирующая","понедельник-пятница группы полного дня(12 часов) с 7.00 до 19.00, группы кратковременного пребывания: (3 часа) с 09.00 до 12.00;  (5 часов) с 08.00 до 13.00","заведующий","Матвеева Галина Николаевна","Управление образования города Калуги"
"Муниципальное бюджетное дошкольное образовательное учреждение № 77 РОДНИЧОК города Калуги структурное необособленное подразделение ЛУЧИК","МБДОУ РОДНИЧОК г. Калуги НСП ЛУЧИК","248000, Калужская обасть, г.Калуга, ул. Воскресенская, д.10","54.508216","36.258349","http://rodnichok.kaluga.ru/","ds009@uo.kaluga.ru","+74842569254",,"Утвержден постановлением Городской Управы города Калуги от 01.12.2015 №15539-пи","образовательная деятельность по образовательным программам дошкольного образования, присмотр и уход за детьми","от 2 лет до прекращения образовательных отношений","общеразвивающая","понедельник-пятница с 7.00 до 19.00","заведующий","Матвеева Галина Николаевна","Управление образования города Калуги"
"Муниципальное бюджетное дошкольное образовательное учреждение № 80 МЕДВЕЖОНОК города Калуги","МБДОУ № 80 г. Калуги","248009, Калужская область, г.Калуга, ул. Пригородная, д.27.","54.529608","36.298325","http://ds80klg.ru/","ds080@uo.kaluga.ru","+74842762225",,"Утвержден постановлением Городской Управы города Калуги от 02.04.2015 г.№ 4018 - пи","образовательная деятельность по образовательным программам дошкольного образования, присмотр и уход за детьми","от 2 лет до прекращения образовательных отношений","общеразвивающая, компенсирующая","понедельник-пятница с 7.00 до 19.01","заведующий","Закатова Мария Сергеевна","Управление образования города Калуги"
"муниципальное бюджетное дошкольное образовательное учреждение № 81 ДЮЙМОВОЧКА города Калуги","МБДОУ № 81 ДЮЙМОВОЧКА г. Калуги","248009, Калужская область, г.Калуга, ул. Грабцевское шоссе, д.124","54.534412","36.312051","http://mbdou81duymovochka.umi.ru","ds081@uo.kaluga.ru","+74842597119",+74842597119,"Утвержден постановлением Городской Управы города Калуги от 21.01.2015г. № 367-пи","образовательная деятельность по образовательным программам дошкольного образования, присмотр и уход за детьми","от 2 лет до прекращения образовательных отношений","общеразвивающая","понедельник-пятница с 7.00 до 19.02","заведующий","Николаева Людмила Ильинична","Управление образования города Калуги"
"муниципальное бюджетное дошкольное образовательное учреждение № 82 ЧИПОЛЛИНО  города Калуги","МБДОУ № 82 ЧИПОЛЛИНО г.Калуги","248031, Калужская область, г.Калуга, ул. Тепличная, д.6а","54.593943","36.265428","http://ds-chipollino.ru/","ds082@uo.kaluga.ru","+74842513612",,"Постановление Городской Управы города Калуги от 26.06.2015 № 7946-пи","образовательная деятельность по образовательным программам дошкольного образования, присмотр и уход за детьми","от 2 лет до прекращения образовательных отношений","общеразвивающая","понедельник-пятница с 7.00 до 19.03","заведующий","Зверева Инна Ивановна","Управление образования города Калуги"
"муниципальное бюджетное дошкольное образовательное учреждение № 83 СОКОЛЁНОК города Калуги","МБДОУ № 83 СОКОЛЁНОК г.Калуги","248016, Калужская область,г.Калуга, ул.Баррикад, д.142","54.518068","36.275094","http://sokolenok.kaluga.prosadiki.ru/","ds083@uo.kaluga.ru","+74842542513; 74842542894",,"Утвержден постановлением Городской Управы города Калуги от 28.04.2015 № 5135-пи","образовательная деятельность по образовательным программам дошкольного образования, присмотр и уход за детьми","от 2 лет до прекращения образовательных отношений","общеразвивающая","понедельник-пятница с 7.00 до 19.00.","заведующий","Пафнутьева Ольга Владимировна","Управление образования города Калуги"
"муниципальное бюджетное дошкольное образовательное учреждение № 84 ВОСХОД города Калуги","МБДОУ № 84 ВОСХОД г.Калуги","248003, Калужская область, г.Калуга, ул.Тульская, д.131","54.512811","36.285245","http://ds-voshod40.ru/wpv/","ds084@uo.kaluga.ru","+74842738235",+74842738235,"Утвержден постановлением Городской Управы города Калуги от 22.01.2015 № 459-пи","образовательная деятельность по образовательным программам дошкольного образования, присмотр и уход за детьми","от 1 года и 6 месяцев до прекращения образовательных отношений","общеразвивающая","понедельник-пятница с 7.00 до 19.00.","заведующий","Щербакова Светлана Владимировна","Управление образования города Калуги"
"Муниципальное бюджетное дошкольное образовательное учреждение № 85 БЕЛОСНЕЖКА города Калуги","МБДОУ № 85 БЕЛОСНЕЖКА г. Калуги","248023, Калужская область, г.Калуга, ул. Николо-Козинская, д.38","54.508013","36.270479","http://белоснежка40.рф/","ds085@uo.kaluga.ru","+74842734814",,"Утвержден постановлением Городской Управы города Калуги от 03.03.2015 № 2702-пи","образовательная деятельность по образовательным программам дошкольного образования, присмотр и уход за детьми","от 2 лет до прекращения образовательных отношений","общеразвивающая,компенсирующая, комбинированная","понедельник-пятница с 7.00 до 19.00.","заведующий","Ярошенко Елена Степановна","Управление образования города Калуги"
"муниципальное бюджетное дошкольное образовательное учреждение № 86 БЕРЁЗКА города Калуги","МБДОУ № 86 БЕРЁЗКА г. Калуги","248901 Калужская область, г.Калуга, ул. Школьная, д.15А","54.5269444","36.1016667","http://mdou86-kaluga.ru","ds086@uo.kaluga.ru","+74842224131",+74842224131,"Утверждён постановлением  Городской Управы города Калуги от 27.01.2015  № 624-пи","образовательная деятельность по образовательным программам дошкольного образования, присмотр и уход за детьми","от 2 лет до прекращения образовательных отношений","общеразвивающая","понедельник-пятница с 7.00 до 19.00.","заведующий","Быченко Наталия Семёновна","Управление образования города Калуги"
"Муниципальное бюджетное дошкольное образовательное учреждение № 87 ЗОЛУШКА г.Калуги","МБДОУ № 87 ЗОЛУШКА г.Калуги","248016, Калужская область, г.Калуга, ул. Максима Горького, д.9","54.515084","36.278849","http://site-dou87kaluga.umi.ru/","ds087@uo.kaluga.ru","+74842546392",,"Утвержден постановлением Городской Управы города Калуги от 25.02.2015 № 2195-пи","образовательная деятельность по образовательным программам дошкольного образования, присмотр и уход за детьми","от 1 года и 6 месяцев до прекращения образовательных отношений","общеразвивающая, компенсирующая","понедельник-пятница с 7.00 до 19.00.","заведующий","Жаринова Наталия Владимировна","Управление образования города Калуги"
"Муниципальное бюджетное дошкольное образовательное учреждение № 88 АЛЫЕ ПАРУСА города Калуги","МБДОУ № 88 АЛЫЕ ПАРУСАг.Калуги","248030, Калужская область, город Калуга, улица Огарева дом 15","54.519134","36.258017","http://mbdou88-kaluga.umi.ru/","ds088@uo.kaluga.ru","+74842741313, +74842741316, +74842741328",+74842741316,"Утвержден постановлением Городской Управы города Калуги от 27.01.2015 №623-пи","образовательная деятельность по образовательным программам дошкольного образования, присмотр и уход за детьми","от 2 лет до прекращения образовательных отношений","общеразвивающая, компенсирующая","понедельник-пятница  07.00-19.00; группа кратковременного пребывания 09.00-12.00","заведующий","Зезюлина Валентина Ивановна","Управление образования города Калуги"
"Муниципальное бюджетное дошкольное образовательное учреждение № 90 ЛАСТОЧКА города Калуги","МБДОУ № 90 ЛАСТОЧКА г. Калуги","248012, Калужская область, г.Калуга, улица Московская, д.319","54.585302","36.255403","http://lastochka.kaluga.prosadiki.ru/","ds090@uo.kaluga.ru","+74842551763",+74842551763,"Утверждён постановлением Городской Управы города Калуги от 11.03.2015 года № 2923- пи","образовательная деятельность по образовательным программам дошкольного образования, присмотр и уход за детьми","от 2 лет до прекращения образовательных отношений","общеразвивающая, компенсирующая","понедельник-пятница с 7.00 до 19.00.","заведующий","Бурыкина Юлия Ивановна","Управление образования города Калуги"
"Муниципальное бюджетное дошкольное образовательное учреждение № 90 ЛАСТОЧКА города Калуги необособленное структурное подразделение ЖАР-ПТИЦА","МБДОУ № 90 ЛАСТОЧКА г. Калуги НСП ЛАСТОЧКА","248012, Калужская область, г.Калуга, улица Кибальчича, д.34","54.5829247","36.2450963","http://lastochka.kaluga.prosadiki.ru/","ds090@uo.kaluga.ru","+74842705010, +74842524511",+74842551763,"Утверждён постановлением Городской Управы города Калуги от 24.07.2015 № 9466- пи","образовательная деятельность по образовательным программам дошкольного образования, присмотр и уход за детьми","от 2 лет до прекращения образовательных отношений","общеразвивающая, компенсирующая","понедельник-пятница с 7.00 до 19.00.","заведующий","Бурыкина Юлия Ивановна","Управление образования города Калуги"
"муниципальное бюджетное дошкольное образовательное учреждение № 91 БРИГАНТИНА города Калуги","МБДОУ № 91 БРИГАНТИНАг. Калуги","248009, Калужская область, г.Калуга. ул. Грабцевское шоссе, д.136","54.533555","36.310844","http://mdou91-kaluga.ru/","ds091@uo.kaluga.ru","+74842597072",+74842597072,"Утвержден постановлением Городской Управы города Калуги от 28.04.2015 № 5130-пи","образовательная деятельность по образовательным программам дошкольного образования, присмотр и уход за детьми","от 2 лет до прекращения образовательных отношений","общеразвивающая, компенсирующая","понедельник-пятница группы полного дня( 12 часов пребывания) с 7.00 до 19.00, кратковременного пребывания (5 часов в день) с 8.00 до 13.00","заведующий","и.о. Амелина Елена Михайловна","Управление образования города Калуги"
"Муниципальное бюджетное дошкольное образовательное учреждение № 92 ПАРУС города Калуги","МБДОУ № 92 ПАРУС г. Калуги","248032, Калужская область, город Калуга, ул. Льва Толстого, д.3А","54.513903","36.347974","http://mbdou92-kaluga.umi.ru","ds092@uo.kaluga.ru","+74842592990",+784842592764,"Утвержден постановлением Городской Управы города Калуги от 11.03.2015  №2929-пи","образовательная деятельность по образовательным программам дошкольного образования, присмотр и уход за детьми","от 2 лет до прекращения образовательных отношений","общеразвивающая","понедельник-пятница с 7.00 до 19.00.","заведующий","Михайлова Татьяна Анатольевна","Управление образования города Калуги"
"муниципальное бюджетное дошкольное образовательное учреждение № 94 ЗАБАВА города Калуги","МБДОУ № 94 ЗАБАВА г. Калуги","248025, Калужская область, г.Калуга, ул. Луговая, д.41","54.5529","36.285","http://detsadzabava.ru","ds094@uo.kaluga.ru","+74842277064,
+74842277062",,"Утверждён постановлением Городской Управы города Калуги от 11.03.2015 № 2916-пи","образовательная деятельность по образовательным программам дошкольного образования, присмотр и уход за детьми","от 2 лет до прекращения образовательных отношений","общеразвивающая, компенсирующая","понедельник-пятница с 7.00 до 19.00.","заведующий","Антонова Лада Григорьевна","Управление образования города Калуги"
"Муниципальное бюджетное образовательное дошкольное учреждение № 96 СНЕЖИНКА города Калуги","МБДОУ № 96 СНЕЖИНКАг. Калуги","248007, Калужская область, г.Калуга, ул. Вишневского, д.20","54.535238","36.167485","http://ds96klg.ru/","ds096@uo.kaluga.ru","+74842727248",+74842727046,"Утвержден постановлением Городской Управы города Калуги от 31.10.2016 №13371 -пи","образовательная деятельность по образовательным программам дошкольного образования, присмотр и уход за детьми","от 1 года и 6 месяцев до прекращения образовательных отношений","общеразвивающая, компенсирующая","понедельник-пятница с 7.00 до 19.00.","заведующий","Кирьянова Татьяна Николаевна","Управление образования города Калуги"
"Муниципальное бюджетное образовательное дошкольное учреждение № 96 СНЕЖИНКАгорода Калуги структурное необособленное подразделение Капелька","МБДОУ № 96 СНЕЖИНКАг. Калуги СНП КАПЕЛЬКА","248007, Калужская область,г.Калуга, ул. Вишневского","54.536277","36.174896","mdou96-kaluga.ru","ds040@uo.kaluga.ru","+74842725662",+74842725662,"Утвержден постановлением Городской Управы города Калуги от 31.10.2016 №13371 -пи","образовательная деятельность по образовательным программам дошкольного образования, присмотр и уход за детьми","от 1 года и 6 месяцев до прекращения образовательных отношений","общеразвивающая","понедельник-пятница с 7.00 до 19.00.","заведующий","Кирьянова Татьяна Николаевна","Управление образования города Калуги"
"Муниципальное бюджетное дошкольное образовательное учреждение № 97ЛЕНОК города Калуги","МБДОУ № 97 ЛЕНОК г. Калуги","284032, Калужская область, г.Калуга, ул. Турынинская, д.17 а","54.5293","36.27542","http://ds97-kaluga.umi.ru/","ds097@uo.kaluga.ru","+74842278415",,"Утверждён постановлением Городской Управы города Калуги  от 19.03.2015 №3313-пи","образовательная деятельность по образовательным программам дошкольного образования, присмотр и уход за детьми","от 2 лет до прекращения образовательных отношений","общеразвивающая, компенсирующая","понедельник-пятница с 7.00 до 19.00.","заведующий","Корчунова  Татьяна Александровна","Управление образования города Калуги"
"Муниципальное бюджетное дошкольное образовательное учреждение № 102 ТЕРЕМ-ТЕРЕМОК города Калуги","МБДОУ № 102 ТЕРЕМ-ТЕРЕМОК г. Калуги","248031, Калужская область,     г.Калуга, ул. Дорожная, 33 а","54.596916","36.268914","http://teremok.kaluga.prosadiki.ru/","ds102@uo.kaluga.ru","+74842513385",+74842513385,"Утверждён постановлением Городской Управы города Калуги от 27.03.2015г. №3844-пи","образовательная деятельность по образовательным программам дошкольного образования, присмотр и уход за детьми","от 2 лет до прекращения образовательных отношений","общеразвивающая","понедельник-пятница: полного дня (12-часового пребывания) с 6.45 до 18.45, продленного дня (14-часовое пребывание) с 6.45 до 20.45. ","заведующий","Степанова Елена Викторовна","Управление образования города Калуги"
"Муниципальное бюджетное дошкольное образовательное учреждение № 103 ЛЕСНАЯ СКАЗКА города Калуги","МБДОУ № 103 ЛЕСНАЯ СКАЗКА г. Калуги","248017, Калужская область,г.Калуга, б-р Энтузиастов, дом 13","54.507014","36.252277","http://mbdou103.umi.ru/","ds103@uo.kaluga.ru","+74842793060",,"Утверждён постановлением Городской Управы города Калуги от 26.01.2015 № 522-пи","образовательная деятельность по образовательным программам дошкольного образования, присмотр и уход за детьми","от 2 лет до прекращения образовательных отношений","общеразвивающая, компенсирующая","понедельник-пятница с 6.30 до 18.30","заведующий","Матвеева Инна Анатольевна","Управление образования города Калуги"
"муниципальное бюджетное дошкольное образовательное учреждение № 104 СЕМИЦВЕТИК города Калуги","МБДОУ № 104 СЕМИЦВЕТИК г. Калуги","248012, г.Калуга, ул. Малоярославецкая, д.7","54.578625","36.249061","http://semicvetik.kaluga.prosadiki.ru","ds104@uo.kaluga.ru","+74842588309",,"Утреждён постановлением Городской Управы города Калуги от 28.04.2015 №5131-пи","образовательная деятельность по образовательным программам дошкольного образования, присмотр и уход за детьми","от 2 лет до прекращения образовательных отношений","общеразвивающая, компенсирующая","понедельник-пятница с 7.00 до 19.00.","заведующий","Костюшенкова Татьяна Николаевна","Управление образования города Калуги"
"муниципальное бюджетное дошкольное образовательное учреждение № 106 СВЕТЛЯЧОК города Калуги","МБДОУ № 106 СВЕТЛЯЧОК г. Калуги","248029, Калужская область, г.Калуга, ул. Карачевская, д.27","54.566229","36.229774","http://mdou106klg.umi.ru/","ds106@uo.kaluga.ru","+74842520442",+74842520442,"Утверждён Постановлением Городской Управы города Калуги от 05.02.2015 № 1119-пи","образовательная деятельность по образовательным программам дошкольного образования, присмотр и уход за детьми","от 2 лет до прекращения образовательных отношений","общеразвивающая, компенсирующая","понедельник-пятница с 7.00 до 19.00.","заведующий","Сомова   Ирина Валентиновна","Управление образования города Калуги"
"муниципальное бюджетное дошкольное образовательное учреждение № 108 ДРУЖБА города Калуги","МБДОУ № 108 ДРУЖБА г. Калуги","248008, Калужская область, г.Калуга, пер. Ольговский д.7","54.570786","36.312599","http://ds-drugba40.ru/","ds108@uo.kaluga.ru","+74842517589",+74842517589,"Утвержден постановлением Городской Управы города Калуги приказ  от 11.03.2015 № 2915-пи","образовательная деятельность по образовательным программам дошкольного образования, присмотр и уход за детьми","от 2 лет до прекращения образовательных отношений","общеразвивающая, компенсирующая","понедельник-пятница с 7.00 до 19.00.","заведующий","Евстратова Анна Александровна","Управление образования города Калуги"
"Муниципальное бюджетное дошкольное образовательное учреждение № 110 ЗОЛОТОЙ ПЕТУШОК города Калуги","МБДОУ № 110 ЗОЛОТОЙ ПЕТУШОК г. Калуги","248012, Калужская обл., г.Калуга, ул. Кубяка, д.15","54.577649","36.251172","http://110sadkaluga.nubex.ru/","ds110@uo.kaluga.ru","+74842529511",+74842799899,"Утверждён постановлением Городской Управы города Калуги от 25.02.2016 № 2196-пи","образовательная деятельность по образовательным программам дошкольного образования, присмотр и уход за детьми","от 2 лет до прекращения образовательных отношений","общеразвивающая","понедельник-пятница с 7.00 до 19.00.","заведующий","Каптур Людмила Михайловна","Управление образования города Калуги"
"Муниципальное бюджетное дошкольное образовательное учреждение № 116 города Калуги","МБДОУ № 116 г. Калуги","248000, Калужская область, г.Калуга, ул. Гагарина, д.35а","54.513073","36.236285","http://site-6ac5824.umi.ru/","ds116@uo.kaluga.ru","+74842774288",,"Утверждён постановлением Городской Управы города Калуги от 21.01.2015 № 366-пи","образовательная деятельность по образовательным программам дошкольного образования, присмотр и уход за детьми","от 2 лет до прекращения образовательных отношений","общеразвивающая","понедельник-пятница с 7.00 до 19.00.","заведующий","Алешина Светлана Александровна","Управление образования города Калуги"
"Муниципальное бюджетное дошкольное образовательное учреждение ДЕТСТВО Центр развития ребенка города Калуги","МБДОУ ДЕТСТВО  ЦРР г. Калуги","248033, Калужская область, г.Калуга, ул. Генерала Попова, 30","54.49256","36.207259","http://цррдетство.рф/","crr-d@mail.ru","+74842548967",+74842548967,"Утверждён постановление Городской Управы города Калуги от 10.12.2015 № 16053-пи","образовательная деятельность по образовательным программам дошкольного образования, присмотр и уход за детьми","от 1 года и 6 месяцев до прекращения образовательных отношений","общеразвивающая","понедельник-пятница с 7.00 до 19.00.","Директор","Капитонова Эльвира Рафаиловна","Управление образования города Калуги"
"Муниципальное бюджетное дошкольное образовательное учреждение ДЕТСТВО Центр развития ребенка города Калуги","МБДОУ ДЕТСТВО ЦРР г. Калуги НСП РОСИНКА","248600, Калужская область, г.Калуга, ул. Вооруженного восстания, д.5","54.5190313","36.2444536","http://цррдетство.рф/","crr-d@mail.ru","+74842745481",+74842548967,"Утверждён постановление Городской Управы города Калуги от 10.12.2015 № 16053-пи","образовательная деятельность по образовательным программам дошкольного образования, присмотр и уход за детьми","от 2 лет до прекращения образовательных отношений","общеразвивающая","понедельник-пятница с 7.00 до 19.00.","Заместитель директора","Бадина Инна Владимировна","Управление образования города Калуги"
"Муниципальное бюджетное дошкольное образовательное учреждение ДЕТСТВО Центр развития ребенка города Калуги","МБДОУ ДЕТСТВО ЦРР г. Калуги НСП ЖУРАВУШКА","248600, Калужская область, г.Калуга, ул. Вооруженного восстания, д.5а","54.519498","36.2442401","http://цррдетство.рф/","crr-d@mail.ru","+74842745461",+74842548967,"Утверждён постановление Городской Управы города Калуги от 10.12.2015 № 16053-пи","образовательная деятельность по образовательным программам дошкольного образования, присмотр и уход за детьми","от 2 лет до прекращения образовательных отношений","общеразвивающая","понедельник-пятница с 7.00 до 19.00.","Заместитель директора","Бадина Инна Владимировна","Управление образования города Калуги"
"Муниципальное бюджетное дошкольное образовательное учреждение ДЕТСТВО Центр развития ребенка города Калуги","МБДОУ ДЕТСТВО ЦРР г. Калуги НСП БЕРЕЖОК","248033, Калужская область, г.Калуга, ул. Димитрова, д.14","54.4947033","36.2176542","http://цррдетство.рф/","crr-d@mail.ru","+74842226592",+74842548967,"Утверждён постановление Городской Управы города Калуги от 10.12.2015 № 16053-пи","образовательная деятельность по образовательным программам дошкольного образования, присмотр и уход за детьми","от 2 лет до прекращения образовательных отношений","общеразвивающая","понедельник-пятница с 7.00 до 19.00.","Заместитель директора","Артюшина Алевтина Николаевна","Управление образования города Калуги"
"Муниципальное бюджетное дошкольное образовательное учреждение ДЕТСТВО Центр развития ребенка города Калуги","МБДОУ ДЕТСТВО ЦРР г. Калуги НСП УЛЫБКА","248033, Калужская область, г.Калуга, ул. Генерала Попова, 30","54.49256","36.207259","http://цррдетство.рф/","crr-d@mail.ru","+74842728474",+74842548967,"Утверждён постановление Городской Управы города Калуги от 10.12.2015 № 16053-пи","образовательная деятельность по образовательным программам дошкольного образования, присмотр и уход за детьми","от 2 лет до прекращения образовательных отношений","общеразвивающая","понедельник-пятница с 7.00 до 19.00.","Заместитель директора","Счастливова Ольга Владимировна","Управление образования города Калуги"
"Муниципальное бюджетное дошкольное образовательное учреждение ДЕТСТВО Центр развития ребенка города Калуги","МБДОУ ДЕТСТВО ЦРР г. Калуги НСП ПЛАНЕТА","248033, Калужская область, г.Калуга, ул. 65 лет Победы, д.8","54.4877576","36.1966064","http://цррдетство.рф/","crr-d@mail.ru","+74842278493",+74842548967,"Утверждён постановление Городской Управы города Калуги от 10.12.2015 № 16053-пи","образовательная деятельность по образовательным программам дошкольного образования, присмотр и уход за детьми","от 2 лет до прекращения образовательных отношений","общеразвивающая","понедельник-пятница с 7.00 до 19.00.","Заместитель директора","Финакина Людмила Вячеславовна","Управление образования города Калуги"
"Муниципальное бюджетное дошкольное образовательное учреждение ДЕТСТВО Центр развития ребенка города Калуги","МБДОУ ДЕТСТВО ЦРР г. Калуги НСП МОЗАИКА","248033, Калужская область, г.Калуга, ул. 65 лет Победы, д.12","54.4853614","36.1929079","http://цррдетство.рф/","crr-d@mail.ru","+74842226042",+74842548967,"Утверждён постановление Городской Управы города Калуги от 10.12.2015 № 16053-пи","образовательная деятельность по образовательным программам дошкольного образования, присмотр и уход за детьми","от 2 лет до прекращения образовательных отношений","общеразвивающая","понедельник-пятница с 7.00 до 19.00.","Заместитель директора","Сычева Варвара Анатольевна","Управление образования города Калуги"
"Муниципальное бюджетное дошкольное образовательное учреждение ДЕТСТВО Центр развития ребенка города Калуги","БДОУ ДЕТСТВО  ЦРР г. Калуги НСП КОРАБЛИК","248033, Калужская область,  г.Калуга, ул. Георгия Амелина, д.37","54.5008083","36.1740229","http://цррдетство.рф/","crr-d@mail.ru","+74842203246",+74842548967,"Утверждён постановление Городской Управы города Калуги от 10.12.2015 № 16053-пи","образовательная деятельность по образовательным программам дошкольного образования, присмотр и уход за детьми","от 1 года и 6 месяцев до прекращения образовательных отношений","общеразвивающая","понедельник-пятница с 7.00 до 19.00.","Заместитель директора","Куляк Ирина Владимировна","Управление образования города Калуги"
"Муниципальное бюджетное дошкольное образовательное учреждение ДЕТСТВО Центр развития ребенка города Калуги","МБДОУ ДЕТСТВО ЦРР  г. Калуги НСП ЦВЕТОЧНЫЙ ГОРОД","248033, Калужская область, г.Калуга, ул. Полесская, д.20","54.463095","36.228085","http://цррдетство.рф/","crr-d@mail.ru","+74842548967",+74842548967,"Утверждён постановление Городской Управы города Калуги от 10.12.2015 № 16053-пи","образовательная деятельность по образовательным программам дошкольного образования, присмотр и уход за детьми","от 1 года и 6 месяцев до прекращения образовательных отношений","общеразвивающая","понедельник-пятница с 7.00 до 19.00.","Заместитель директора","Мешкова Елена Владимировна","Управление образования города Калуги"
"Муниципальное бюджетное дошкольное образовательное учреждение ДЕТСТВО Центр развития ребенка города Калуги","МБДОУ ДЕТСТВО ЦРР г. Калуги НСП АКВАРЕЛЬ","248033, Калужская область, г.Калуга, ул. Василия Стригунова, стр.7","54.501807","36.185119","http://цррдетство.рф/","crr-d@mail.ru","+74842548967",+74842548967,"Утверждён постановление Городской Управы города Калуги от 10.12.2015 № 16053-пи","образовательная деятельность по образовательным программам дошкольного образования, присмотр и уход за детьми","от 1 года и 6 месяцев до прекращения образовательных отношений","общеразвивающая","понедельник-пятница с 7.00 до 19.00.","Заместитель директора","Химич 
Людмила Сергеевна","Управление образования города Калуги"
"Муниципальное бюджетное дошкольное образовательное учреждение ДЕТСТВО Центр развития ребенка города Калуги","МБДОУ ДЕТСТВО ЦРР г. Калуги НСП КАРУСЕЛЬ","248033, Калужская область, г. Калуга, ул. Минская, д.22","54.487610,","36.172695","http://цррдетство.рф/","crr-d@mail.ru","+74842548967",+74842548967,"Утверждён постановление Городской Управы города Калуги от 10.12.2015 № 16053-пи","образовательная деятельность по образовательным программам дошкольного образования, присмотр и уход за детьми","от 1 года и 6 месяцев до прекращения образовательных отношений","общеразвивающая","понедельник-пятница с 7.00 до 19.00.","Заместитель директора","Николенко Елена Александровна","Управление образования города Калуги"
"муниципальное бюджетное дошкольное образовательное учреждение РОССИЯНКА Центр развития ребенка города Калуги","МБДОУ РОССИЯНКА ЦРР г.Калуги","248021,  Калужская область, г.Калуга, ул. Московская, д.119","54.522646","36.266779","http://россиянка40.рф/","dsros@uo.kaluga.ru","+74842555079",+74842550498,"Утверждён постановлением Городской Управы города Калуги от 13.02 2015 № 1770-пи","образовательная деятельность по образовательным программам дошкольного образования, присмотр и уход за детьми","с 10 месяцев до прекращения образовательных отношений","общеразвивающая","понедельник-пятница с 7.00 до 19.00.","Директор","Пустовойт Надежда Михайловна","Управление образования города Калуги"
"Муниципальное бюджетное дошкольное образовательное учреждение РОССИЯНКА Центр развития ребенка города Калуги необособленное структурное подразделение ЧЕБУРАШКА","МБДОУ РОССИЯНКА ЦРР г. Калуги НСП ЧЕБУРАШКА","248029 Калужская область г.Калуга ул. Гурьянова, д.55","54.566971","36.230502","http://россиянка40.рф/","ds078@uo.kaluga.ru","+74842520626",,"Утверждён постановлением Городской Управы города Калуги от 13.02 2015 № 1770-пи","образовательная деятельность по образовательным программам дошкольного образования, присмотр и уход за детьми","с 10 месяцев до прекращения образовательных отношений","общеразвивающая","понедельник-пятница с 7.00 до 19.00, с 12.00 до 15.00 ч.(кратковременного пребывания)","Заместитель директора с исполнением обязанностей заведующей","Кузнецова Нина Алексеевна","Управление образования города Калуги"
"Муниципальное бюджетное дошкольное образовательное учреждение РОССИЯНКА Центр развития ребенка города Калуги  необособленное структурное подразделение ВИШЕНКА","МБДОУ РОССИЯНКА ЦРР  г. Калуги НСП ВИШЕНКА","248029, Калужская область, г.Калуга, ул. Карачевская, д.4","54.565937","36.23962","http://россиянка40.рф/","ds071@uo.kaluga.ru","+74842520225",,"Утверждён постановлением Городской Управы города Калуги от 13.02 2015 № 1770-пи","образовательная деятельность по образовательным программам дошкольного образования, присмотр и уход за детьми","с 10 месяцев до прекращения образовательных отношений","общеразвивающая","понедельник-пятница с 7.00 до 19.00.","Заместитель директора с исполнением обязанностей заведующей","Петрова Татьяна Павловна","Управление образования города Калуги"
"муниципальное бюджетное дошкольное образовательное учреждениеРОССИЯНКА Центр развития ребёнка города Калуги необособленное структурное подразделение ЛАДУШКИ","МБДОУ РОССИЯНКА ЦРР г. Калуги НСП ЛАДУШКИ","248021,  Калужская область, г.Калуга, ул. Московская, д.119","54.522646","36.266779","http://россиянка40.рф/","ds004@uo.kaluga.ru","+74842557290",,"Утверждён постановлением Городской Управы города Калуги от 13.02 2015 № 1770-пи","образовательная деятельность по образовательным программам дошкольного образования, присмотр и уход за детьми","с 10 месяцев до прекращения образовательных отношений","общеразвивающая","понедельник-пятница с 7.00 до 19.00.","Заместитель директора с исполнением обязанностей заведующей","Назарова Наталья Александровна","Управление образования города Калуги"
"муниципальное бюджетное дошкольное образовательное учреждение РОССИЯНКА Центр развития ребёнка города Калуги необособленное структурное подразделение АНТОШКА","МБДОУ РОССИЯНКА ЦРР г. Калуги НСП АНТОШКА","248021,  Калужская область, г.Калуга, ул. К. Либкнехта, д.7а","54.525436","36.268077","http://россиянка40.рф/","ds035@uo.kaluga.ru","+74842555048",,"Утверждён постановлением Городской Управы города Калуги от 13.02 2015 № 1770-пи","образовательная деятельность по образовательным программам дошкольного образования, присмотр и уход за детьми","с 10 месяцев до прекращения образовательных отношений","общеразвивающая","понедельник-пятница с 7.00 до 19.00.","Заместитель директора с исполнением обязанностей заведующей","Назарова Наталья Александровна","Управление образования города Калуги"
"Муниципальное бюджетное дошкольное образовательное учреждение РОССИЯНКА Центр развития ребенка города Калуги  необособленное структурное подразделение ВАСИЛЁК","МБДОУ РОССИЯНКА ЦРР  г. Калуги НСП ВАСИЛЁК","248021, Калужская область, г.Калуга, ул. Московская, д.125, к. 1","54.523858","36.267638","http://россиянка40.рф/","ds047@uo.kaluga.ru","+74842554714",,"Утверждён постановлением Городской Управы города Калуги от 13.02 2015 № 1770-пи","образовательная деятельность по образовательным программам дошкольного образования, присмотр и уход за детьми","с 10 месяцев до прекращения образовательных отношений","общеразвивающая","понедельник-пятница с 7.00 до 19.00 (полного дня), с 12.00 до 15.00 (кратковременного пребывания)","Заместитель директора с исполнением обязанностей заведующей","Саулина Алла Геннадиевна","Управление образования города Калуги"
"Муниципальное дошкольное образовательное учереждение  РОССИЯНКА Центр развития ребенка города Калуги необособленное структурное подразделение НЕЗАБУДКА","МБДОУ РОССИЯНКА ЦРР г. Калуги НСП НЕЗАБУДКА","248023, Калужская область  г.Калуга ул. Степана Разина д.10.а.","54.510934","36.272318","http://россиянка40.рф/","ds033@uo.kaluga.ru","+74842574488",,"Утверждён постановлением Городской Управы города Калуги от 13.02 2015 № 1770-пи","образовательная деятельность по образовательным программам дошкольного образования, присмотр и уход за детьми","с 10 месяцев до прекращения образовательных отношений","общеразвивающая","понедельник-пятница с 7.00 до 19.00.","старший воспитатель","Морозова Ольга Петровна","Управление образования города Калуги"
"Муниципальное бюджетное дошкольное образовательное учреждение РОССИЯНКА Центр развития ребенка города Калуги необособленное структурное подразделение НЕПОСЕДЫ","МБДОУ РОССИЯНКА ЦРР г.Калуги НСП НЕПОСЕДЫ","248023, Калужская область  г.Калуга ул. Московская д.55 а","54.517007","36.264126","http://россиянка40.рф/","ds003@uo.kaluga.ru","+74842576267",,"Утверждён постановлением Городской Управы города Калуги от 13.02 2015 № 1770-пи","образовательная деятельность по образовательным программам дошкольного образования, присмотр и уход за детьми","с 10 месяцев до прекращения образовательных отношений","общеразвивающая","понедельник-пятница с 7.00 до 19.00.","старший воспитатель","Евстратова Марина Михайловна","Управление образования города Калуги"
"Муниципальное бюджетное дошкольное образовательное учреждение РССИЯНКА города Калуги необособленное структурное подразделениеРУЧЕЕК","МБДОУ РОССИЯНКА ЦРР г.Калуги НСП РУЧЕЕК","248016, Калужская область, г.Калуга, ул.Пролетарская, д.100","54.518879","36.261948","http://россиянка40.рф/","ds024@uo.kaluga.ru","+74842576559",,"Утверждён постановлением Городской Управы города Калуги от 13.02 2015 № 1770-пи","образовательная деятельность по образовательным программам дошкольного образования, присмотр и уход за детьми","с 10 месяцев до прекращения образовательных отношений","общеразвивающая","понедельник-пятница с 7.00 до 19.00.","Заместитель директора с исполнением обязанностей заведующей","Горская Евгения Николаевна","Управление образования города Калуги"